"","hot"
"springs",0.36
"spring",0.23
"cold",0.16
"bath",0.15
"water",0.15
"pool",0.14
"rooms",0.13
"baths",0.12
"clean",0.12
"free",0.12
"private",0.12
"room",0.12
"breakfast",0.11
"cool",0.11
"indoor",0.11
"outdoor",0.11
"pools",0.11
"showers",0.11
"bathroom",0.1
"dogs",0.1
"food",0.1
"massage",0.1
"spa",0.1
"try",0.1
"bathrooms",0.09
"beef",0.09
"budget",0.09
"chicken",0.09
"delicious",0.09
"enjoy",0.09
"fresh",0.09
"heated",0.09
"internet",0.09
"night",0.09
"shinkansen",0.09
"suites",0.09
"'s",0.08
"air",0.08
"balloon",0.08
"bathing",0.08
"cable",0.08
"coffee",0.08
"cost",0.08
"dining",0.08
"dinner",0.08
"dishes",0.08
"dry",0.08
"even",0.08
"fried",0.08
"friendly",0.08
"helpful",0.08
"include",0.08
"japan's",0.08
"japanese",0.08
"laundry",0.08
"make",0.08
"mountain",0.08
"noodles",0.08
"offer",0.08
"owner",0.08
"per",0.08
"person",0.08
"price",0.08
"prices",0.08
"rentals",0.08
"season",0.08
"shower",0.08
"tv",0.08
"warm",0.08
"wireless",0.08
"available",0.07
"big",0.07
"block",0.07
"cheaper",0.07
"dip",0.07
"dog",0.07
"double",0.07
"drivers",0.07
"features",0.07
"front",0.07
"fruit",0.07
"great",0.07
"guests",0.07
"locals",0.07
"meals",0.07
"menu",0.07
"nice",0.07
"offers",0.07
"shared",0.07
"soak",0.07
"stay",0.07
"summers",0.07
"sure",0.07
"sweet",0.07
"swimming",0.07
"table",0.07
"tea",0.07
"tokyo",0.07
"weather",0.07
"wifi",0.07
"will",0.07
