"","set"
"back",0.1
"friendly",0.1
"staff",0.1
"ask",0.09
"expensive",0.09
"make",0.09
"pay",0.09
"prices",0.09
"rooms",0.09
"time",0.09
"vendors",0.09
"views",0.09
"will",0.09
"'re",0.08
"able",0.08
"behind",0.08
"carry",0.08
"day",0.08
"even",0.08
"excellent",0.08
"expect",0.08
"experience",0.08
"facilities",0.08
"food",0.08
"hard",0.08
"just",0.08
"large",0.08
"little",0.08
"look",0.08
"luxury",0.08
"may",0.08
"night",0.08
"offer",0.08
"often",0.08
"order",0.08
"per",0.08
"price",0.08
"private",0.08
"range",0.08
"right",0.08
"serve",0.08
"sets",0.08
"sure",0.08
"try",0.08
"usually",0.08
"walk",0.08
"worth",0.08
"although",0.07
"avoid",0.07
"book",0.07
"booking",0.07
"budget",0.07
"bungalows",0.07
"buy",0.07
"come",0.07
"cost",0.07
"floor",0.07
"full",0.07
"gardens",0.07
"grounds",0.07
"hand",0.07
"keep",0.07
"meal",0.07
"money",0.07
"opened",0.07
"provide",0.07
"quality",0.07
"run",0.07
"simple",0.07
"slightly",0.07
"stunning",0.07
"top",0.07
"tropical",0.07
