"","tour"
"tours",0.31
"guided",0.24
"operators",0.18
"guide",0.15
"guides",0.15
"arrange",0.13
"trip",0.12
"day",0.11
"per",0.11
"will",0.11
"agencies",0.1
"ask",0.1
"boat",0.1
"book",0.1
"companies",0.1
"experience",0.1
"make",0.1
"may",0.1
"offer",0.1
"offered",0.1
"operator",0.1
"person",0.1
"private",0.1
"see",0.1
"tourist",0.1
"trips",0.1
"company",0.09
"cruise",0.09
"give",0.09
"groups",0.09
"lunch",0.09
"pay",0.09
"start",0.09
"sure",0.09
"take",0.09
"visit",0.09
"visitors",0.09
"walking",0.09
"agency",0.08
"agents",0.08
"allow",0.08
"arranged",0.08
"available",0.08
"bring",0.08
"call",0.08
"can",0.08
"cost",0.08
"cruises",0.08
"days",0.08
"drivers",0.08
"fee",0.08
"free",0.08
"friendly",0.08
"group",0.08
"include",0.08
"includes",0.08
"licensed",0.08
"look",0.08
"morning",0.08
"offers",0.08
"overnight",0.08
"pick",0.08
"price",0.08
"prices",0.08
"room",0.08
"rooms",0.08
"staff",0.08
"tourists",0.08
"try",0.08
"want",0.08
"wine",0.08
"without",0.08
"able",0.07
"advance",0.07
"back",0.07
"booking",0.07
"check",0.07
"driver",0.07
"entrance",0.07
"even",0.07
"expensive",0.07
"expert",0.07
"get",0.07
"help",0.07
"leave",0.07
"mine",0.07
"need",0.07
"night",0.07
"rental",0.07
"ride",0.07
"stay",0.07
"tasting",0.07
"travel",0.07
"vip",0.07
"visitor",0.07
